motivoId,ativo,processo,tipo,situacao,categoria,descricao,detalhes,stepSilic
1,1,Ato Formal,locação,Prorrogação,Financeiro,Pré-comprometimento,A menor / não encaminhado /,Definir
2,1,Ato Formal,locação,Prorrogação,Financeiro,ID Plano de Aquisições,Não identificado / não encaminhado,Definir
3,1,Ato Formal,locação,Prorrogação,Financeiro,Falta ateste GEORC,Contratação acima de 3 milhões,Definir
4,1,Ato Formal,locação,Prorrogação,Financeiro,Pagamento em favor de terceiros,Não há documentação que autoriza o pagamento a terceiros,Definir
5,1,Ato Formal,locação,Prorrogação,Financeiro,Crédito para terceiros,Pagamento de locação a terceiros sem a documentação,Definir
6,1,Ato Formal,locação,Prorrogação,Documentação,Documentos do imóvel,Ausência do registro do imóvel/Certidão inteiro teor,Definir
7,1,Ato Formal,locação,Prorrogação,Processual,Negociação entre as partes,Ausência das informações de negociação com o locador,Definir
8,1,Ato Formal,locação,Prorrogação,Processual,Laudo de avaliação,Falta laudo de avaliação / vencido / sem assinatura,Definir
9,1,Ato Formal,locação,Prorrogação,Processual,Laudo de avaliação,Prorrogação de vigência acima do valor do laudo de avaliação sem justificativa,Definir
10,1,Ato Formal,locação,Prorrogação,Documentação,Locador Pessoa Jurídica,Representação legal/poderes não comprovados,Definir
11,1,Ato Formal,locação,Prorrogação,documentação,Impedimentos,Fornecedor com vedação/impedimento para prorrogar vigência contratual,Definir
12,1,Ato Formal,locação,Prorrogação,documentação,Impedimentos,Locador com inscrição no CADIN,Definir
13,1,contratação,cessão,mudança de endereço,Documentação,Documentos do imóvel,Ausência do registro do imóvel/Certidão inteiro teor/documento que comprove posse,Definir
14,1,contratação,cessão,mudança de endereço,Documentação,Documentos do imóvel,Averbação da área não identificada no RGI,Definir
15,1,contratação,cessão,mudança de endereço,Documentação,Documentos do imóvel,Ausência de CND IPTU / documento vencido,Definir
16,1,contratação,cessão,mudança de endereço,Documentação,Documentos do imóvel,Justificar que o imóvel está livre e desembaraçado de ônus,Definir
17,1,contratação,cessão,mudança de endereço,Documentação,Documentos do imóvel,Inexistência de autorização de atividade bancária,Definir
18,1,contratação,cessão,mudança de endereço,Documentação,Documentos do imóvel,Sublocação sem autorização/termo,Definir
19,1,contratação,cessão,mudança de endereço,Documentação,Impedimentos,Ausência de certidão CND Federal / Certidão vencida,Definir
20,1,contratação,cessão,mudança de endereço,Documentação,Impedimentos,Ausência da certidão de regularidade - CRF / CRF Vencido,Definir
21,1,contratação,cessão,mudança de endereço,documentação,Impedimentos,Fornecedor com vedação/impedimento para contratar,Definir
22,1,contratação,cessão,mudança de endereço,documentação,Impedimentos,Risco de nepotismo/relacionamento vedado,Definir
23,1,contratação,cessão,mudança de endereço,documentação,Impedimentos,Listas restritivas (setor público/trabalho escravo/risco de imagem),Definir
24,1,contratação,cessão,mudança de endereço,documentação,Impedimentos,Locador com inscrição no CADIN,Definir
25,1,contratação,cessão,mudança de endereço,documentação,locador pessoa física,Ausência de identificação dos documentos identificação (RG/CPF),Definir
26,1,contratação,cessão,mudança de endereço,documentação,locador pessoa física,Representação legal/poderes não comprovados,Definir
27,1,contratação,cessão,mudança de endereço,documentação,Locador Pessoa Jurídica,Ausência da certidão simplificada da junta comercial,Definir
28,1,contratação,cessão,mudança de endereço,documentação,Locador Pessoa Jurídica,Ausência da documentação de identificação sócios (RG/CPF),Definir
29,1,contratação,cessão,mudança de endereço,documentação,Locador Pessoa Jurídica,Ausência da última versão do Contrato Social,Definir
30,1,contratação,cessão,mudança de endereço,documentação,Locador Pessoa Jurídica,Documentos do cedente não assinados digitalmente,Definir
31,1,contratação,cessão,mudança de endereço,documentação,Locador Pessoa Jurídica,Representação legal/poderes não comprovados,Definir
32,1,contratação,cessão,mudança de endereço,documentação,Locador Pessoa Jurídica,Ata ou Termo de Posse do Representante Legal vigente,Definir
33,1,contratação,cessão,mudança de endereço,financeiro,Dados Bancários,Informação de dados bancários em outro banco sem justificativa,Definir
34,1,contratação,cessão,mudança de endereço,Financeiro,Dados Bancários,Falta informação dos dados bancários,Definir
35,1,contratação,cessão,mudança de endereço,Financeiro,Falta ateste GEORC,Contratação acima de 3 milhões,Definir
36,1,contratação,cessão,mudança de endereço,Financeiro,Índice de correção do contrato,Não identificado o índice de correção do contrato,Definir
37,1,contratação,cessão,mudança de endereço,Financeiro,Pré-comprometimento,A menor / não encaminhado / não dividido conforme calendário de pagamento,Definir
38,1,contratação,cessão,mudança de endereço,Processual,À pedido,Por solicitação do gestor operacional,Definir
39,1,contratação,cessão,mudança de endereço,Processual,Informações ausentes,Falta esclarecer a relação custo x benefício,Definir
40,1,contratação,cessão,mudança de endereço,Processual,Informações conflitantes,Erro na descrição do objeto da demanda,Definir
41,1,contratação,cessão,mudança de endereço,Processual,Informações ausentes,"Falta grau de criticidade / informação do Grau de Sigilo, segurança e tratamento de dados",Definir
42,1,contratação,cessão,mudança de endereço,processual,Informações ausentes,Falta informação da aderência ao plano estratégico,Definir
43,1,contratação,cessão,mudança de endereço,Processual,Informações divergentes,Divergência nas informações do imóvel nos documentos da demanda (RTA/OBJETO),Definir
44,1,contratação,cessão,mudança de endereço,Processual,Informações ausentes,Falta informação de partes relacionadas,Definir
45,1,contratação,cessão,mudança de endereço,Processual,Informações ausentes,Ausência de informação acerca de contratação em ano eleitoral para cessão sem ônus,Definir
46,1,contratação,cessão,mudança de endereço,Processual,Informações ausentes,Ausência das razões da escolha do fornecedor,Definir
47,1,contratação,cessão,mudança de endereço,Processual,Informações ausentes,Ausência da informação gerais do contrato (carência de pagamento / contato do cedente / vigência da contratação / Valor da contratação / Prazo de obras),Definir
48,1,contratação,cessão,mudança de endereço,Processual,Informações ausentes,Ausência da justificativa da contratação,Definir
49,1,contratação,cessão,mudança de endereço,Processual,Informações conflitantes,Multa pela rescisão do contrato fora dos parâmetros normativos - cláusula em desacordo sem justificativa,Definir
50,1,contratação,cessão,mudança de endereço,Processual,Informações ausentes,Ausência de informações das cláusulas mitigadoras dos riscos,Definir
51,1,contratação,cessão,mudança de endereço,Processual,Informações conflitantes,Prazo inferior a 12 meses,Definir
52,1,contratação,cessão,mudança de endereço,Processual,Documentos de autorização,Ausência de CE GEFIC (erro na CI/falta assinatura),Definir
53,1,contratação,cessão,mudança de endereço,Processual,Documentos de autorização,Ausência de CE GELOG (erro na CI/falta assinatura/dados divergentes),Definir
54,1,contratação,cessão,mudança de endereço,Processual,Documentos de autorização,Ausência de autorização/aprovação da SR/SEV,Definir
55,1,contratação,cessão,mudança de endereço,Processual,Documentos técnicos,Ausência de RTA (dados divergentes/sem informações),Definir
56,1,contratação,cessão,mudança de endereço,Processual,Documentos técnicos,Ausência de Parecer Técnico CAIXA,Definir
57,1,contratação,cessão,mudança de endereço,Processual,Documentos ausentes,Ausência das informações de negociação com o cedente,Definir
58,1,contratação,cessão,mudança de endereço,Processual,Documentos ausentes,Ausência do anexo/informações de responsabilidade do locador,Definir
59,1,contratação,cessão,mudança de endereço,Processual,Documentos ausentes,Ausência de justificativa do investimento não recuperável,Definir
60,1,contratação,cessão,mudança de endereço,Processual,Documentos técnicos,Laudo de vistoria ausente (técnico),Definir
61,1,contratação,cessão,mudança de endereço,Processual,Documentos técnicos,Falta a Due DILIGENCE para contratações acima de R$ 2 milhões/ano,Definir
62,1,contratação,cessão,nova unidade,Documentação,Documentos do imóvel,Ausência do registro do imóvel/Certidão inteiro teor/documento que comprove posse,Definir
63,1,contratação,cessão,nova unidade,Documentação,Documentos do imóvel,Averbação da área não identificada no RGI,Definir
64,1,contratação,cessão,nova unidade,Documentação,Documentos do imóvel,Ausência de CND IPTU / documento vencido,Definir
65,1,contratação,cessão,nova unidade,Documentação,Documentos do imóvel,Justificar que o imóvel está livre e desembaraçado de ônus,Definir
66,1,contratação,cessão,nova unidade,Documentação,Documentos do imóvel,Inexistência de autorização de atividade bancária,Definir
67,1,contratação,cessão,nova unidade,Documentação,Documentos do imóvel,Sublocação sem autorização/termo,Definir
68,1,contratação,cessão,nova unidade,Documentação,Impedimentos,Ausência de certidão CND Federal / Certidão vencida,Definir
69,1,contratação,cessão,nova unidade,Documentação,Impedimentos,Ausência da certidão de regularidade - CRF / CRF Vencido,Definir
70,1,contratação,cessão,nova unidade,Documentação,Impedimentos,Fornecedor com vedação/impedimento para contratar,Definir
71,1,contratação,cessão,nova unidade,Documentação,Impedimentos,Risco de nepotismo/relacionamento vedado,Definir
72,1,contratação,cessão,nova unidade,Documentação,Impedimentos,Listas restritivas (setor público/trabalho escravo/risco de imagem),Definir
73,1,contratação,cessão,nova unidade,documentação,Impedimentos,Locador com inscrição no CADIN,Definir
74,1,contratação,cessão,nova unidade,documentação,locador pessoa física,Ausência de identificação dos documentos identificação (RG/CPF),Definir
75,1,contratação,cessão,nova unidade,documentação,locador pessoa física,Representação legal/poderes não comprovados,Definir
76,1,contratação,cessão,nova unidade,documentação,Locador Pessoa Jurídica,Ausência da certidão simplificada da junta comercial,Definir
77,1,contratação,cessão,nova unidade,documentação,Locador Pessoa Jurídica,Ausência da documentação de identificação sócios (RG/CPF),Definir
78,1,contratação,cessão,nova unidade,documentação,Locador Pessoa Jurídica,Ausência da última versão do Contrato Social,Definir
79,1,contratação,cessão,nova unidade,documentação,Locador Pessoa Jurídica,Documentos do cedente não assinados digitalmente,Definir
80,1,contratação,cessão,nova unidade,documentação,Locador Pessoa Jurídica,Representação legal/poderes não comprovados,Definir
81,1,contratação,cessão,nova unidade,documentação,Locador Pessoa Jurídica,Ata ou Termo de Posse do Representante Legal vigente,Definir
82,1,contratação,cessão,nova unidade,financeiro,Dados Bancários,Informação de dados bancários em outro banco sem justificativa,Definir
83,1,contratação,cessão,nova unidade,financeiro,Dados Bancários,falta informação dos dados bancários,Definir
84,1,contratação,cessão,nova unidade,financeiro,Falta ateste GEORC,Contratação acima de 3 milhões,Definir
85,1,contratação,cessão,nova unidade,financeiro,Índice de correção do contrato,não identificado o índice de correção do contrato,Definir
86,1,contratação,cessão,nova unidade,financeiro,Pré-comprometimento,a menor / não encaminhado / não dividido conforme calendário de pagamento,Definir
87,1,contratação,cessão,nova unidade,processual,À pedido,Por solicitação do gestor operacional,Definir
88,1,contratação,cessão,nova unidade,processual,Documentos internos demanda,Ausência de CE GEFIC (erro na CI/falta assinatura),Definir
89,1,contratação,cessão,nova unidade,processual,Documentos internos demanda,Falta autorização para abertura de nova unidade (Resolução),Definir
90,1,contratação,cessão,nova unidade,processual,Documentos internos demanda,Ausência de CE GELOG (erro na CI/falta assinatura/dados divergentes),Definir
91,1,contratação,cessão,nova unidade,processual,Documentos internos demanda,Ausência de autorização/aprovação da SR/SEV,Definir
92,1,contratação,cessão,nova unidade,processual,Documentos internos demanda,Ausência de RTA (dados divergentes/sem informações),Definir
93,1,contratação,cessão,nova unidade,processual,Documentos internos demanda,Ausência de Parecer Técnico CAIXA,Definir
94,1,contratação,cessão,nova unidade,processual,Documentos internos demanda,Ausência das informações de negociação com o cedente,Definir
95,1,contratação,cessão,nova unidade,processual,Documentos internos demanda,Ausência do anexo/informações de responsabilidade do locador,Definir
96,1,contratação,cessão,nova unidade,processual,Documentos internos demanda,Ausência de justificativa do investimento não recuperável,Definir
97,1,contratação,cessão,nova unidade,processual,Documentos internos demanda,Laudo de vistoria ausente (técnico),Definir
98,1,contratação,cessão,nova unidade,processual,Documentos internos demanda,Falta a Due DILIGENCE para contratações acima de R$ 2 milhões/ano,Definir
99,1,contratação,cessão,regularização,documentação,documentos do imóvel,Sublocação sem autorização/termo,Definir
100,1,contratação,cessão,regularização,documentação,Impedimentos,Fornecedor com vedação/impedimento para contratar,Definir
101,1,contratação,cessão,regularização,documentação,Impedimentos,Risco de nepotismo/relacionamento vedado,Definir
102,1,contratação,cessão,regularização,documentação,Impedimentos,Listas restritivas (setor público/trabalho escravo/risco de imagem),Definir
103,1,contratação,cessão,regularização,documentação,Impedimentos,Locador com inscrição no CADIN,Definir
104,1,contratação,cessão,regularização,documentação,locador pessoa física,troca de titularidade sem os documentos identificação (RG/CPF),Definir
105,1,Ato formal,cessão,Alteraçãod e Titularidade,documentação,locador pessoa física,troca de titularidade sem os documentos identificação (RG/CPF),Definir
106,1,contratação,cessão,regularização,documentação,locador pessoa física,Representação legal/poderes não comprovados,Definir
107,1,contratação,cessão,regularização,documentação,Locador Pessoa Jurídica,troca de titularidade sem a apresentação certidão simplificada da junta comercial,Definir
108,1,contratação,cessão,regularização,documentação,Locador Pessoa Jurídica,troca de titularidade sem os documentos identificação (RG/CPF),Definir
109,1,contratação,cessão,regularização,documentação,Locador Pessoa Jurídica,troca de titularidade sem apresentação da última versão do Contrato Social,Definir
110,1,contratação,cessão,regularização,documentação,Locador Pessoa Jurídica,Representação legal/poderes não comprovados,Definir
111,1,contratação,cessão,regularização,financeiro,Dados Bancários,Informação de dados bancários em outro banco sem justificativa,Definir
112,1,contratação,cessão,regularização,financeiro,Dados Bancários,falta informação dos dados bancários,Definir
113,1,contratação,cessão,regularização,financeiro,Falta ateste GEORC,Contratação acima de 3 milhões,Definir
114,1,contratação,cessão,regularização,financeiro,Índice de correção do contrato,não identificado o índice de correção do contrato,Definir
115,1,contratação,cessão,regularização,financeiro,Pré-comprometimento,a menor / não encaminhado / não dividido conforme calendário de pagamento,Definir
116,1,contratação,cessão,regularização,processual,À pedido,Por solicitação do gestor operacional,Definir
117,1,contratação,cessão,regularização,processual,Documentos internos demanda,Ausência das informações de negociação com o locador,Definir
118,1,contratação,cessão,regularização,processual,Documentos internos demanda,Falta a Due DILIGENCE para contratações acima de R$ 2 milhões/ano,Definir
119,1,contratação,comodato,mudança de endereço,documentação,documentos do imóvel,Ausência do registro do imóvel/Certidão inteiro teor,Definir
120,1,contratação,comodato,mudança de endereço,documentação,documentos do imóvel,Averbação da área não identificada no RGI/falta habite-se,Definir
121,1,contratação,comodato,mudança de endereço,documentação,documentos do imóvel,Ausência de CND IPTU / documento vencido,Definir
122,1,contratação,comodato,mudança de endereço,documentação,documentos do imóvel,Justificar que o imóvel está livre e desembaraçado de ônus,Definir
123,1,contratação,comodato,mudança de endereço,documentação,documentos do imóvel,Inexistência de autorização de atividade bancária,Definir
124,1,contratação,comodato,mudança de endereço,documentação,documentos do imóvel,Sublocação sem autorização/termo,Definir
125,1,contratação,comodato,mudança de endereço,documentação,Impedimentos,Fornecedor com vedação/impedimento para contratar,Definir
126,1,contratação,comodato,mudança de endereço,documentação,Impedimentos,Risco de nepotismo/relacionamento vedado,Definir
127,1,contratação,comodato,mudança de endereço,documentação,Impedimentos,Listas restritivas (setor público/trabalho escravo/risco de imagem),Definir
128,1,contratação,comodato,mudança de endereço,documentação,Impedimentos,Locador com inscrição no CADIN,Definir
129,1,contratação,comodato,mudança de endereço,documentação,locador pessoa física,Ausência de identificação dos documentos identificação (RG/CPF),Definir
130,1,contratação,comodato,mudança de endereço,documentação,locador pessoa física,Representação legal/poderes não comprovados,Definir
131,1,contratação,comodato,mudança de endereço,documentação,Locador Pessoa Jurídica,Ausência da certidão simplificada da junta comercial,Definir
132,1,contratação,comodato,mudança de endereço,documentação,Locador Pessoa Jurídica,Ausência da documentação de identificação sócios (RG/CPF),Definir
133,1,contratação,comodato,mudança de endereço,documentação,Locador Pessoa Jurídica,Ausência da última versão do Contrato Social,Definir
134,1,contratação,comodato,mudança de endereço,documentação,Locador Pessoa Jurídica,Documentos do locador não assinados digitalmente,Definir
135,1,contratação,comodato,mudança de endereço,documentação,Locador Pessoa Jurídica,Representação legal/poderes não comprovados,Definir
136,1,contratação,comodato,mudança de endereço,processual,À pedido,Por solicitação do gestor operacional,Definir
137,1,contratação,comodato,mudança de endereço,processual,Documentos internos demanda,Ausência de CE GEFIC (erro na CI/falta assinatura),Definir
138,1,contratação,comodato,mudança de endereço,processual,Documentos internos demanda,Ausência de CE GELOG (erro na CI/falta assinatura/dados divergentes),Definir
139,1,contratação,comodato,mudança de endereço,processual,Documentos internos demanda,Ausência de autorização/aprovação da SR/SEV,Definir
140,1,contratação,comodato,mudança de endereço,processual,Documentos internos demanda,Ausência de RTA (dados divergentes/sem informações),Definir
141,1,contratação,comodato,mudança de endereço,processual,Documentos internos demanda,Ausência de Parecer Técnico CAIXA,Definir
142,1,contratação,comodato,mudança de endereço,processual,Documentos internos demanda,Ausência das informações de negociação com o comadante,Definir
143,1,contratação,comodato,mudança de endereço,processual,Documentos internos demanda,Ausência das Propostas de imóveis,Definir
144,1,contratação,comodato,mudança de endereço,processual,Documentos internos demanda,Ausência do anexo/informações de responsabilidade do comodante,Definir
145,1,contratação,comodato,mudança de endereço,processual,Documentos internos demanda,Ausência de justificativa do investimento não recuperável,Definir
146,1,contratação,comodato,mudança de endereço,processual,Documentos internos demanda,Laudo de vistoria ausente (técnico),Definir
147,1,contratação,comodato,nova unidade,documentação,documentos do imóvel,Ausência do registro do imóvel/Certidão inteiro teor,Definir
148,1,contratação,comodato,nova unidade,documentação,documentos do imóvel,Averbação da área não identificada no RGI/falta habite-se,Definir
149,1,contratação,comodato,nova unidade,documentação,documentos do imóvel,Ausência de CND IPTU / documento vencido,Definir
150,1,contratação,comodato,nova unidade,documentação,documentos do imóvel,Justificar que o imóvel está livre e desembaraçado de ônus,Definir
151,1,contratação,comodato,nova unidade,documentação,documentos do imóvel,Inexistência de autorização de atividade bancária,Definir
152,1,contratação,comodato,nova unidade,documentação,documentos do imóvel,Sublocação sem autorização/termo,Definir
153,1,contratação,comodato,nova unidade,documentação,Impedimentos,Fornecedor com vedação/impedimento para contratar,Definir
154,1,contratação,comodato,nova unidade,documentação,Impedimentos,Risco de nepotismo/relacionamento vedado,Definir
155,1,contratação,comodato,nova unidade,documentação,Impedimentos,Listas restritivas (setor público/trabalho escravo/risco de imagem),Definir
156,1,contratação,comodato,nova unidade,documentação,Impedimentos,Locador com inscrição no CADIN,Definir
157,1,contratação,comodato,nova unidade,documentação,locador pessoa física,Ausência de identificação dos documentos identificação (RG/CPF),Definir
158,1,contratação,comodato,nova unidade,documentação,locador pessoa física,Representação legal/poderes não comprovados,Definir
159,1,contratação,comodato,nova unidade,documentação,Locador Pessoa Jurídica,Ausência da certidão simplificada da junta comercial,Definir
160,1,contratação,comodato,nova unidade,documentação,Locador Pessoa Jurídica,Ausência da documentação de identificação sócios (RG/CPF),Definir
161,1,contratação,comodato,nova unidade,documentação,Locador Pessoa Jurídica,Ausência da última versão do Contrato Social,Definir
162,1,contratação,comodato,nova unidade,documentação,Locador Pessoa Jurídica,Documentos do locador não assinados digitalmente,Definir
163,1,contratação,comodato,nova unidade,documentação,Locador Pessoa Jurídica,Representação legal/poderes não comprovados,Definir
164,1,contratação,comodato,nova unidade,processual,À pedido,Por solicitação do gestor operacional,Definir
165,1,contratação,comodato,nova unidade,processual,Documentos internos demanda,Ausência de CE GEFIC (erro na CI/falta assinatura),Definir
166,1,contratação,comodato,nova unidade,processual,Documentos internos demanda,Falta autorização para abertura de nova unidade (Resolução),Definir
167,1,contratação,comodato,nova unidade,processual,Documentos internos demanda,Ausência de CE GELOG (erro na CI/falta assinatura/dados divergentes),Definir
168,1,contratação,comodato,nova unidade,processual,Documentos internos demanda,Ausência de autorização/aprovação da SR/SEV,Definir
169,1,contratação,comodato,nova unidade,processual,Documentos internos demanda,Ausência de RTA (dados divergentes/sem informações),Definir
170,1,contratação,comodato,nova unidade,processual,Documentos internos demanda,Ausência de Parecer Técnico CAIXA,Definir
171,1,contratação,comodato,nova unidade,processual,Documentos internos demanda,Ausência das informações de negociação com o comadante,Definir
172,1,contratação,comodato,nova unidade,processual,Documentos internos demanda,Ausência das Propostas de imóveis,Definir
173,1,contratação,comodato,nova unidade,processual,Documentos internos demanda,Ausência do anexo/informações de responsabilidade do comodante,Definir
174,1,contratação,comodato,nova unidade,processual,Documentos internos demanda,Ausência de justificativa do investimento não recuperável,Definir
175,1,contratação,comodato,nova unidade,processual,Documentos internos demanda,Laudo de vistoria ausente (técnico),Definir
176,1,contratação,comodato,regularização,documentação,documentos do imóvel,Ausência do registro do imóvel/Certidão inteiro teor/CRI vencida,Definir
177,1,contratação,comodato,regularização,documentação,documentos do imóvel,Averbação da área não identificada no RGI/falta habite-se,Definir
178,1,contratação,comodato,regularização,documentação,documentos do imóvel,Justificar que o imóvel está livre e desembaraçado de ônus,Definir
179,1,contratação,comodato,regularização,documentação,documentos do imóvel,Sublocação sem autorização/termo,Definir
180,1,contratação,comodato,regularização,documentação,Impedimentos,Fornecedor com vedação/impedimento para contratar,Definir
181,1,contratação,comodato,regularização,documentação,Impedimentos,Risco de nepotismo/relacionamento vedado,Definir
182,1,contratação,comodato,regularização,documentação,Impedimentos,Listas restritivas (setor público/trabalho escravo/risco de imagem),Definir
183,1,contratação,comodato,regularização,documentação,Impedimentos,Locador com inscrição no CADIN,Definir
184,1,contratação,comodato,regularização,documentação,locador pessoa física,Ausência de identificação dos documentos identificação (RG/CPF),Definir
185,1,contratação,comodato,regularização,documentação,locador pessoa física,Representação legal/poderes não comprovados,Definir
186,1,contratação,comodato,regularização,documentação,Locador Pessoa Jurídica,Ausência do CNPJ do comandante,Definir
187,1,contratação,comodato,regularização,documentação,Locador Pessoa Jurídica,Ausência da documentação de identificação sócios (RG/CPF),Definir
188,1,contratação,comodato,regularização,documentação,Locador Pessoa Jurídica,Documentos do locador não assinados digitalmente,Definir
189,1,contratação,comodato,regularização,documentação,Locador Pessoa Jurídica,Representação legal/poderes não comprovados,Definir
190,1,contratação,comodato,regularização,processual,À pedido,Por solicitação do gestor operacional,Definir
191,1,contratação,comodato,regularização,processual,Documentos internos demanda,Ausência das informações de negociação com o comadante,Definir
192,1,contratação,locação,mudança de endereço,documentação,documentos do imóvel,Ausência do registro do imóvel/Certidão inteiro teor,Documentação do imóvel
193,1,contratação,locação,mudança de endereço,documentação,documentos do imóvel,Averbação da área não identificada no RGI/falta habite-se,Documentação do imóvel
194,1,contratação,locação,mudança de endereço,documentação,documentos do imóvel,Ausência de CND IPTU / documento vencido,Documentação do imóvel
195,1,contratação,locação,mudança de endereço,documentação,documentos do imóvel,Justificar que o imóvel está livre e desembaraçado de ônus,Documentação do imóvel
196,1,contratação,locação,mudança de endereço,documentação,documentos do imóvel,Inexistência de autorização de atividade bancária,Documentação do imóvel
197,1,contratação,locação,mudança de endereço,documentação,documentos do imóvel,Sublocação sem autorização/termo,Documentação do imóvel
198,1,contratação,locação,mudança de endereço,documentação,Impedimentos,Ausência de certidão CND Federal / Certidão vencida,Etapa tratamento de demanda - Conformidade - Reg. Locador
199,1,contratação,locação,mudança de endereço,documentação,Impedimentos,Ausência da certidão de regularidade - CRF / CRF Vencido,Etapa tratamento de demanda - Conformidade - Reg. Locador
200,1,contratação,locação,mudança de endereço,documentação,Impedimentos,Fornecedor com vedação/impedimento para contratar,Etapa tratamento de demanda - Conformidade - Reg. Locador
201,1,contratação,locação,mudança de endereço,documentação,Impedimentos,Risco de nepotismo/relacionamento vedado,Etapa tratamento de demanda - Conformidade - Reg. Locador
202,1,contratação,locação,mudança de endereço,documentação,Impedimentos,Listas restritivas (setor público/trabalho escravo/risco de imagem),Etapa tratamento de demanda - Conformidade - Reg. Locador
203,1,contratação,locação,mudança de endereço,documentação,Impedimentos,Locador com inscrição no CADIN,Etapa tratamento de demanda - Conformidade - Reg. Locador
204,1,contratação,locação,mudança de endereço,documentação,locador pessoa física,Ausência de identificação dos documentos identificação (RG/CPF),Documentação do locador
205,1,contratação,locação,mudança de endereço,documentação,locador pessoa física,Representação legal/poderes não comprovados,Documentação do locador
206,1,contratação,locação,mudança de endereço,documentação,Locador Pessoa Jurídica,Ausência da certidão simplificada da junta comercial,Documentação do locador
207,1,contratação,locação,mudança de endereço,documentação,Locador Pessoa Jurídica,Ausência da documentação de identificação sócios (RG/CPF),Documentação do locador
208,1,contratação,locação,mudança de endereço,documentação,Locador Pessoa Jurídica,Ausência da última versão do Contrato Social,Documentação do locador
209,1,contratação,locação,mudança de endereço,documentação,Locador Pessoa Jurídica,Documentos do locador não assinados digitalmente,Documentação do locador
210,1,contratação,locação,mudança de endereço,documentação,Locador Pessoa Jurídica,Representação legal/poderes não comprovados,Documentação do locador
211,1,contratação,locação,mudança de endereço,financeiro,Dados Bancários,Informação de dados bancários em outro banco sem justificativa,Documentação do locador
212,1,contratação,locação,mudança de endereço,financeiro,Dados Bancários,falta informação dos dados bancários,Documentação do locador
213,1,contratação,locação,mudança de endereço,financeiro,Falta ateste GEORC,Contratação acima de 3 milhões,Autorizações e laudo
214,1,contratação,locação,mudança de endereço,financeiro,ID Plano de Aquisições,não identificado / outra unidade,Autorizações e laudo
215,1,contratação,locação,mudança de endereço,financeiro,Índice de correção do contrato,não identificado o índice de correção do contrato,Autorizações e laudo
216,1,contratação,locação,mudança de endereço,financeiro,Pagamento em favor de terceiros,Não há documentação que autoriza o pagamento a terceiros,Documentação do locador
217,1,contratação,locação,mudança de endereço,financeiro,Pré-comprometimento,a menor / não encaminhado / não dividido conforme calendário de pagamento,Autorizações e laudo
218,1,contratação,locação,mudança de endereço,processual,À pedido,Por solicitação do gestor operacional,Definir
219,1,contratação,locação,mudança de endereço,processual,Documentos internos demanda,Ausência de CE GEFIC (erro na CI/falta assinatura),Autorizações e laudo
220,1,contratação,locação,mudança de endereço,processual,Documentos internos demanda,Ausência de CE GELOG (erro na CI/falta assinatura/dados divergentes),Autorizações e laudo
221,1,contratação,locação,mudança de endereço,processual,Documentos internos demanda,Ausência de autorização/aprovação da SR/SEV,Autorizações e laudo
222,1,contratação,locação,mudança de endereço,processual,Documentos internos demanda,Ausência de RTA (dados divergentes/sem informações),Autorizações e laudo
223,1,contratação,locação,mudança de endereço,processual,Documentos internos demanda,Ausência de Parecer Técnico CAIXA,Autorizações e laudo
224,1,contratação,locação,mudança de endereço,processual,Documentos internos demanda,Ausência das informações de negociação com o locador,Autorizações e laudo
225,1,contratação,locação,mudança de endereço,processual,Documentos internos demanda,Ausência das Propostas de imóveis,Propostas
226,1,contratação,locação,mudança de endereço,processual,Documentos internos demanda,Ausência do anexo/informações de responsabilidade do locador,Autorizações e laudo
227,1,contratação,locação,mudança de endereço,processual,Documentos internos demanda,Ausência de justificativa do investimento não recuperável,Autorizações e laudo
228,1,contratação,locação,mudança de endereço,processual,Documentos internos demanda,Laudo de vistoria ausente (técnico),Autorizações e laudo
229,1,contratação,locação,mudança de endereço,processual,Documentos internos demanda,Falta a Due DILIGENCE para contratações acima de R$ 2 milhões/ano,Autorizações e laudo
230,1,contratação,locação,mudança de endereço,processual,Laudo de avaliação,Falta laudode avaliação de valor venal para contratação de imóveis acima 550m2,Autorizações e laudo
231,1,contratação,locação,mudança de endereço,processual,Laudo de avaliação,Falta laudo de avaliação / vencido / sem assinatura,Autorizações e laudo
232,1,contratação,locação,mudança de endereço,processual,Laudo de avaliação,Contratação acima do valor do laudo de avaliação sem justificativa,Autorizações e laudo
233,1,contratação,locação,mudança de endereço,processual,Publicação,Área da publicação divergente da localização contratação,Propostas
234,1,contratação,locação,mudança de endereço,processual,Publicação,Falta publicação (publicação em desconformidade normativa),Propostas
235,1,contratação,locação,nova unidade,documentação,documentos do imóvel,Ausência do registro do imóvel/Certidão inteiro teor,Documentação do imóvel
236,1,contratação,locação,nova unidade,documentação,documentos do imóvel,Averbação da área não identificada no RGI/falta habite-se,Documentação do imóvel
237,1,contratação,locação,nova unidade,documentação,documentos do imóvel,Ausência de CND IPTU / documento vencido,Documentação do imóvel
238,1,contratação,locação,nova unidade,documentação,documentos do imóvel,Justificar que o imóvel está livre e desembaraçado de ônus,Documentação do imóvel
239,1,contratação,locação,nova unidade,documentação,documentos do imóvel,Inexistência de autorização de atividade bancária,Documentação do imóvel
240,1,contratação,locação,nova unidade,documentação,documentos do imóvel,Sublocação sem autorização/termo,Documentação do imóvel
241,1,contratação,locação,nova unidade,documentação,Impedimentos,Ausência de certidão CND Federal / Certidão vencida,Documentação do locador
242,1,contratação,locação,nova unidade,documentação,Impedimentos,Ausência da certidão de regularidade - CRF / CRF Vencido,Documentação do locador
243,1,contratação,locação,nova unidade,documentação,Impedimentos,Fornecedor com vedação/impedimento para contratar,Etapa tratamento de demanda - Conformidade - Reg. Locador
244,1,contratação,locação,nova unidade,documentação,Impedimentos,Risco de nepotismo/relacionamento vedado,Etapa tratamento de demanda - Conformidade - Reg. Locador
245,1,contratação,locação,nova unidade,documentação,Impedimentos,Listas restritivas (setor público/trabalho escravo/risco de imagem),Etapa tratamento de demanda - Conformidade - Reg. Locador
246,1,contratação,locação,nova unidade,documentação,Impedimentos,Locador com inscrição no CADIN,Etapa tratamento de demanda - Conformidade - Reg. Locador
247,1,contratação,locação,nova unidade,documentação,locador pessoa física,Ausência de identificação dos documentos identificação (RG/CPF),Documentação do locador
248,1,contratação,locação,nova unidade,documentação,locador pessoa física,Representação legal/poderes não comprovados,Documentação do locador
249,1,contratação,locação,nova unidade,documentação,Locador Pessoa Jurídica,Ausência da certidão simplificada da junta comercial,Documentação do locador
250,1,contratação,locação,nova unidade,documentação,Locador Pessoa Jurídica,Ausência da documentação de identificação sócios (RG/CPF),Documentação do locador
251,1,contratação,locação,nova unidade,documentação,Locador Pessoa Jurídica,Ausência da última versão do Contrato Social,Documentação do locador
252,1,contratação,locação,nova unidade,documentação,Locador Pessoa Jurídica,Documentos do locador não assinados digitalmente,Documentação do locador
253,1,contratação,locação,nova unidade,documentação,Locador Pessoa Jurídica,Representação legal/poderes não comprovados,Documentação do locador
254,1,contratação,locação,nova unidade,financeiro,Dados Bancários,Informação de dados bancários em outro banco sem justificativa,Documentação do locador
255,1,contratação,locação,nova unidade,financeiro,Dados Bancários,falta informação dos dados bancários,Documentação do locador
256,1,contratação,locação,nova unidade,financeiro,Falta ateste GEORC,Contratação acima de 3 milhões,Autorizações e laudo
257,1,contratação,locação,nova unidade,financeiro,ID Plano de Aquisições,não identificado / outra unidade,Autorizações e laudo
258,1,contratação,locação,nova unidade,financeiro,Índice de correção do contrato,não identificado o índice de correção do contrato,Autorizações e laudo
259,1,contratação,locação,nova unidade,financeiro,Pagamento em favor de terceiros,Não há documentação que autoriza o pagamento a terceiros,Documentação do locador
260,1,contratação,locação,nova unidade,financeiro,Pré-comprometimento,a menor / não encaminhado / não dividido conforme calendário de pagamento,Documentação do locador
261,1,contratação,locação,nova unidade,processual,À pedido,Por solicitação do gestor operacional,Definir
262,1,contratação,locação,nova unidade,processual,Documentos internos demanda,Ausência de CE GEFIC (erro na CI/falta assinatura),Autorizações e laudo
263,1,contratação,locação,nova unidade,processual,Documentos internos demanda,Falta autorização para abertura de nova unidade (Resolução),Autorizações e laudo
264,1,contratação,locação,nova unidade,processual,Documentos internos demanda,Ausência de CE GELOG (erro na CI/falta assinatura/dados divergentes),Autorizações e laudo
265,1,contratação,locação,nova unidade,processual,Documentos internos demanda,Ausência de autorização/aprovação da SR/SEV,Autorizações e laudo
266,1,contratação,locação,nova unidade,processual,Documentos internos demanda,Ausência de RTA (dados divergentes/sem informações),Autorizações e laudo
267,1,contratação,locação,nova unidade,processual,Documentos internos demanda,Ausência de Parecer Técnico CAIXA,Autorizações e laudo
268,1,contratação,locação,nova unidade,processual,Documentos internos demanda,Ausência das informações de negociação com o locador,Autorizações e laudo
269,1,contratação,locação,nova unidade,processual,Documentos internos demanda,Ausência das Propostas de imóveis,Propostas
270,1,contratação,locação,nova unidade,processual,Documentos internos demanda,Ausência do anexo/informações de responsabilidade do locador,Autorizações e laudo
271,1,contratação,locação,nova unidade,processual,Documentos internos demanda,Ausência de justificativa do investimento não recuperável,Autorizações e laudo
272,1,contratação,locação,nova unidade,processual,Documentos internos demanda,Laudo de vistoria ausente (técnico),Autorizações e laudo
273,1,contratação,locação,nova unidade,processual,Documentos internos demanda,Falta a Due DILIGENCE para contratações acima de R$ 2 milhões/ano,Autorizações e laudo
274,1,contratação,locação,nova unidade,processual,Laudo de avaliação,Falta laudode avaliação de valor venal para contratação de imóveis acima 550m2,Autorizações e laudo
275,1,contratação,locação,nova unidade,processual,Laudo de avaliação,Falta laudo de avaliação / vencido / sem assinatura,Autorizações e laudo
276,1,contratação,locação,nova unidade,processual,Laudo de avaliação,Contratação acima do valor do laudo de avaliação sem justificativa,Autorizações e laudo
277,1,contratação,locação,nova unidade,processual,Publicação,Área da publicação divergente da localização contratação,Propostas
278,1,contratação,locação,nova unidade,processual,Publicação,Falta publicação (publicação em desconformidade normativa),Propostas
279,1,contratação,locação,regularização,documentação,documentos do imóvel,Ausência do registro do imóvel/Certidão inteiro teor / registro do imóvel/CRI fora da validade,Documentação do imóvel
280,1,contratação,locação,regularização,documentação,documentos do imóvel,Averbação da área não identificada no RGI/falta habite-se,Documentação do imóvel
281,1,contratação,locação,regularização,documentação,documentos do imóvel,Sublocação sem autorização/termo,Documentação do imóvel
282,1,contratação,locação,regularização,documentação,Impedimentos,Fornecedor com vedação/impedimento para contratar,Etapa tratamento de demanda - Conformidade - Reg. Locador
283,1,contratação,locação,regularização,documentação,Impedimentos,Risco de nepotismo/relacionamento vedado,Etapa tratamento de demanda - Conformidade - Reg. Locador
284,1,contratação,locação,regularização,documentação,Impedimentos,Listas restritivas (setor público/trabalho escravo/risco de imagem),Etapa tratamento de demanda - Conformidade - Reg. Locador
285,1,contratação,locação,regularização,documentação,Impedimentos,Locador com inscrição no CADIN / Sem justificativa de contratação pela CELOG,Etapa tratamento de demanda - Conformidade - Reg. Locador
286,1,contratação,locação,regularização,documentação,Impedimentos,Falta estipular cláusula contratual para apresentação da regularidade,Etapa tratamento de demanda - Conformidade - Reg. Locador
287,1,contratação,locação,regularização,documentação,locador pessoa física,Troca de titularidade sem apresentação dos documentos identificação (RG/CPF),Documentação do locador
288,1,contratação,locação,regularização,documentação,locador pessoa física,Representação legal/poderes não comprovados,Documentação do locador
289,1,contratação,locação,regularização,documentação,Locador Pessoa Jurídica,Ausência da certidão simplificada da junta comercial,Documentação do locador
290,1,contratação,locação,regularização,documentação,Locador Pessoa Jurídica,troca de titularidade sem documentação de identificação sócios (RG/CPF),Documentação do locador
291,1,contratação,locação,regularização,documentação,Locador Pessoa Jurídica,troca de titularidade sem a última versão do Contrato Social,Documentação do locador
292,1,contratação,locação,regularização,documentação,Locador Pessoa Jurídica,Representação legal/poderes não comprovados,Documentação do locador
293,1,contratação,locação,regularização,financeiro,Dados Bancários,Informação de dados bancários em outro banco sem justificativa,Documentação do locador
294,1,contratação,locação,regularização,financeiro,Dados Bancários,falta informação dos dados bancários,Documentação do locador
295,1,contratação,locação,regularização,financeiro,Falta ateste GEORC,Contratação acima de 3 milhões,Autorizações e laudo
296,1,contratação,locação,regularização,financeiro,ID Plano de Aquisições,não identificado / outra unidade,Autorizações e laudo
297,1,contratação,locação,regularização,financeiro,Índice de correção do contrato,não identificado o índice de correção do contrato,Autorizações e laudo
298,1,contratação,locação,regularização,financeiro,Pagamento em favor de terceiros,Não há documentação que autoriza o pagamento a terceiros,Documentação do locador
299,1,contratação,locação,regularização,financeiro,Pré-comprometimento,a menor / não encaminhado / não dividido conforme calendário de pagamento,Documentação do locador
300,1,contratação,locação,regularização,processual,À pedido,Por solicitação do gestor operacional,Definir
301,1,contratação,locação,regularização,processual,Documentos internos demanda,Ausência das informações de negociação com o locador,Autorizações e laudo
302,1,contratação,locação,regularização,processual,Documentos internos demanda,Laudo de vistoria ausente (técnico),Autorizações e laudo
303,1,contratação,locação,regularização,processual,Documentos internos demanda,Falta a Due DILIGENCE para contratações acima de R$ 2 milhões/ano,Autorizações e laudo
304,1,contratação,locação,regularização,processual,Laudo de avaliação,Falta laudo de avaliação / vencido / sem assinatura,Autorizações e laudo
305,1,contratação,locação,regularização,processual,Laudo de avaliação,Contratação acima do valor do laudo de avaliação sem justificativa,Autorizações e laudo
306,1,Atos Formais,locação,Ação Renovatória,Documentação,Documentos do imóvel,Ausência da declaração de cobertura do seguro do imóvel emitida pela seguradora,Definir
307,1,Atos Formais,locação,Ação Renovatória,Documentação,Documentos do imóvel,Ausência de cópia do alvará de funcionamento,Definir
308,1,Atos Formais,locação,Ação Renovatória,Documentação,Documentos do imóvel,Ausência do laudo de Avaliação do Imóvel elaborado pela CIHAR,Definir
309,1,Atos Formais,locação,Ação Renovatória,Documentação,Documentos do imóvel,"Ausência da Matrícula do imóvel no CRI, ou Matrícula desatualizada",Definir
310,1,Atos Formais,locação,Ação Renovatória,financeiro,Pagamento de Taxas,"Ausência dos comprovantes de todos os pagamentos incidentes sobre o imóvel referentes aos últimos 12 meses (água, energia elétrica, taxas)",Definir
311,1,Atos Formais,locação,Ação Renovatória,financeiro,Negociação,Ausência de documentos que demonstrem a tentativa da CAIXA de negociar amigavelmente a renovação do contrato com aluguel a preço de mercado,Definir
312,1,Atos Formais,locação,Ação Renovatória,Processual,Informações do contrato,Ausência de informação da data de início e fim da nova vigência,Definir
313,1,Atos Formais,locação,Ação Renovatória,financeiro,Informações do contrato,Ausência de informação do valor atual do aluguel,Definir
314,1,Atos Formais,locação,Ação Renovatória,Processual,Informações do locador,Ausência de informação do nome/CPF/CNPJ do locador,Definir
315,1,Atos Formais,locação,Ação Renovatória,Processual,Informações do locador,Ausência de informação do endereço completo com CEP do locador,Definir
316,1,Atos Formais,locação,Ação Renovatória,financeiro,Informações do Representante,Ausência de informação do nome/CPF/CNPJ do Representante,Definir
317,1,Atos Formais,locação,Ação Renovatória,Processual,Informações do Representante,Ausência de informação do endereço completo com CEP do Representante,Definir
318,1,Atos Formais,locação,Ação Renovatória,Processual,Dados para contato com o locador,Ausência de informação do e-mail e telefone do locador,Definir
319,1,Ato Formal,locação,Prorrogação,Dados Iniciais,Informações iniciais incorretas ou incompletas,Dados incompletos ou incorretos na demanda,Dados Iniciais
320,1,Ato Formal,locação,Prorrogação,Dados Iniciais,Informações iniciais incorretas ou incompletas,Falta justificativas do pedido,Dados Iniciais
321,1,Ato Formal,locação,Prorrogação,Dados Iniciais,Informações iniciais incorretas ou incompletas,Falta anexos obrigatórios,Dados Iniciais
322,1,Ato Formal,locação,Prorrogação,Dados Iniciais,Informações iniciais incorretas ou incompletas,Informações divergentes entre sistemas,Dados Iniciais
323,1,Ato Formal,locação,Prorrogação,Dados Iniciais,Informações iniciais incorretas ou incompletas,Tipo de demanda tratado incorretamente,Dados Iniciais
324,1,Ato Formal,locação,Prorrogação,Dados Iniciais,Informações iniciais incorretas ou incompletas,Dados conflitantes entre CELOG e CILOG,Dados Iniciais
325,1,Ato Formal,locação,Prorrogação,Dados Iniciais,Informações iniciais incorretas ou incompletas,Demanda precisa de ajustes no pré-comprometimento,Dados Iniciais
326,1,Ato Formal,locação,Prorrogação,Dados do Contrato,Matrícula / Cartório / Dados do imóvel,Matrícula desatualizada ou vencida,Dados do Contrato
327,1,Ato Formal,locação,Prorrogação,Dados do Contrato,Matrícula / Cartório / Dados do imóvel,Matrícula incompleta,Dados do Contrato
328,1,Ato Formal,locação,Prorrogação,Dados do Contrato,Matrícula / Cartório / Dados do imóvel,Matrícula sem averbação necessária,Dados do Contrato
329,1,Ato Formal,locação,Prorrogação,Dados do Contrato,Matrícula / Cartório / Dados do imóvel,Falta averbação da construção,Dados do Contrato
330,1,Ato Formal,locação,Prorrogação,Dados do Contrato,Matrícula / Cartório / Dados do imóvel,Matrícula divergente do contrato,Dados do Contrato
331,1,Ato Formal,locação,Prorrogação,Dados do Contrato,Matrícula / Cartório / Dados do imóvel,Proprietário diferente da matrícula,Dados do Contrato
332,1,Ato Formal,locação,Prorrogação,Dados do Contrato,Matrícula / Cartório / Dados do imóvel,Falta habite-se,Dados do Contrato
333,1,Ato Formal,locação,Prorrogação,Dados do Contrato,Minuta / Cláusulas / Contrato,Minuta com cláusulas indevidas,Dados do Contrato
334,1,Ato Formal,locação,Prorrogação,Dados do Contrato,Minuta / Cláusulas / Contrato,Minuta incompatível com o negociado,Dados do Contrato
335,1,Ato Formal,locação,Prorrogação,Dados do Contrato,Minuta / Cláusulas / Contrato,Falta cláusula de alteração de titularidade,Dados do Contrato
336,1,Ato Formal,locação,Prorrogação,Dados do Contrato,Minuta / Cláusulas / Contrato,Multa rescisória com redação incorreta,Dados do Contrato
337,1,Ato Formal,locação,Prorrogação,Dados do Contrato,Área / Engenharia,Informações de área divergentes,Dados do Contrato
338,1,Ato Formal,locação,Prorrogação,Dados do Contrato,Área / Engenharia,Falta laudo de engenharia,Dados do Contrato
339,1,Ato Formal,locação,Prorrogação,Dados do Contrato,Área / Engenharia,Falta dados sobre acréscimo de área,Dados do Contrato
340,1,Ato Formal,locação,Prorrogação,Dados do Contrato,Documentos complementares,Falta Plano de Aquisições válido,Dados do Contrato
341,1,Ato Formal,locação,Prorrogação,Dados do Locador,Documentação do locador,Documentos dos locadores incompletos,Dados do Locador
342,1,Ato Formal,locação,Prorrogação,Dados do Locador,Documentação do locador,Falta RG/CPF de cônjuge,Dados do Locador
343,1,Ato Formal,locação,Prorrogação,Dados do Locador,Documentação do locador,Falta certidão de ISS,Dados do Locador
344,1,Ato Formal,locação,Prorrogação,Dados do Locador,Conta bancária / Pagamentos,Conta em outro banco sem justificativa,Dados do Locador
345,1,Ato Formal,locação,Prorrogação,Dados do Locador,Conta bancária / Pagamentos,Percentuais dos locadores não informados,Dados do Locador
346,1,Ato Formal,locação,Prorrogação,Dados do Locador,Aceite / Concordância,Falta anuência do locador,Dados do Locador
347,1,Ato Formal,locação,Prorrogação,Representante Legal,Representação insuficiente ou irregular,Falta contrato social atualizado,Representante Legal
348,1,Ato Formal,locação,Prorrogação,Representante Legal,Representação insuficiente ou irregular,Falta procuração válida,Representante Legal
349,1,Ato Formal,locação,Prorrogação,Representante Legal,Representação insuficiente ou irregular,Representante legal falecido sem substituição,Representante Legal
350,1,Ato Formal,locação,Prorrogação,Dados Adicionais,Negociação / Laudo / Ação Renovatória,Valor acima do laudo sem justificativa,Dados Adicionais
351,1,Ato Formal,locação,Prorrogação,Dados Adicionais,Negociação / Laudo / Ação Renovatória,Falta laudo para AR,Dados Adicionais
352,1,Ato Formal,locação,Prorrogação,Dados Adicionais,Negociação / Laudo / Ação Renovatória,Falta matrícula para AR,Dados Adicionais
353,1,Ato Formal,locação,Prorrogação,Dados Adicionais,Negociação / Laudo / Ação Renovatória,AR sem esclarecimento ou negociação,Dados Adicionais
354,1,Ato Formal,locação,Prorrogação,Dados Adicionais,Pendências jurídicas / CADIN,Locador com pendência no CADIN,Dados Adicionais
355,1,Ato Formal,locação,Prorrogação,Dados Adicionais,Pendências jurídicas / CADIN,Minuta rejeitada pelo jurídico,Dados Adicionais
356,1,Ato Formal,locação,Prorrogação,Dados Adicionais,Orçamento / Fluxo / Documentos operacionais,Falta tela de reserva orçamentária,Dados Adicionais
357,1,Ato Formal,locação,Prorrogação,Dados Adicionais,Orçamento / Fluxo / Documentos operacionais,Falta autorização da GELOG,Dados Adicionais
